﻿<?xml version="1.0"?>
<manifest identifier="LIM" version="1.1"
 xmlns="http://www.imsproject.org/xsd/imscp_rootv1p1p2" 
 xmlns:adlcp="http://www.adlnet.org/xsd/adlcp_rootv1p2"
 xmlns:xsi="http://www.w3.org/2001/XMLSchema-instance" 
 xsi:schemaLocation="http://www.imsproject.org/xsd/imscp_rootv1p1p2     imscp_rootv1p1p2.xsd 
 http://www.adlnet.org/xsd/adlcp_rootv1p2 adlcp_rootv1p2.xsd">	
 <metadata>
 <schema>ADL SCORM</schema>
 <schemaversion>1.2</schemaversion>
  
 </metadata>
  <organizations default="TOC1">
    <organization identifier="TOC1">
      <title>LIM</title>
      <item identifier="ITEM1" identifierref="RESOURCE1">
        <title>Revisão</title>
      </item>
    </organization>
  </organizations>
  <resources>
       	<resource identifier="RESOURCE1" type="webcontent" adlcp:scormtype="sco" href="geotese.html">
      <metadata>
        <schema>ADL SCORM</schema>
        <schemaversion>1.2</schemaversion>
      </metadata>
	 <file href="01142306_37975_GD.jpg" />
<file href="93247ddf5387da4efbb4a0c4910a3484.jpg" />
<file href="camaroes.jpeg" />
<file href="correct-83487.mp3" />
<file href="download.png" />
<file href="error-4-199275.mp3" />
<file href="etna-1-2048x1536.jpg" />
<file href="Flag_of_Turkey-2048x1365.png" />
<file href="images.png" />
<file href="istockphoto-1448525856-612x612.jpg" />
<file href="th.jpeg" />
<file href="th_(1).jpeg" />
<file href="th_(2).jpeg" />
<file href="geotese.html" />
<file href="sclim/ad.png" />
<file href="sclim/am.png" />
<file href="sclim/at.png" />
<file href="sclim/av.mp3" />
<file href="sclim/av.ogg" />
<file href="sclim/ben.mp3" />
<file href="sclim/ben.ogg" />
<file href="sclim/c.png" />
<file href="sclim/Escolar8.ttf" />
<file href="sclim/in.png" />
<file href="sclim/l.png" />
<file href="sclim/lang.js" />
<file href="sclim/lim-px.css" />
<file href="sclim/lim.css" />
<file href="sclim/limjs.js" />
<file href="sclim/mal.mp3" />
<file href="sclim/mal.ogg" />
<file href="sclim/p.png" />
<file href="sclim/pre.gif" />
<file href="geotese.lim" />
<file href="scormlim.js" />
	
    </resource>
  </resources>
</manifest>
